{
    "data": [
        {
            "idx": 0,
            "question": "대리점 정보에서 대리점 유형이이 '본사'인 경우 대리점 이름을 '본사'로 변경하여 조회해주세요.",
            "query": "SELECT agency_id, agency_name, CASE WHEN agency_type = '본사' THEN '본사' ELSE agency_name END AS agency_type FROM Agency;",
            "query_temp": "SELECT column_name1, column_name2, CASE WHEN column_name3 = value1 THEN value1 ELSE column_name2 END AS column_name3 FROM table_name1;"
        },
        {
            "idx": 1,
            "question": "상품서비스 정보에서 상품 서비스 유형별로 갯수를 새고, 갯수가 2개 이상인 경우만 조회해주세요.",
            "query": "SELECT product_service_type, COUNT(*) AS count FROM Product_Service GROUP BY product_service_type HAVING count >= 2;",
            "query_temp": "SELECT column_name1, COUNT(*) AS alias_name1 FROM table_name1 GROUP BY column_name1 HAVING alias_name1 >= value1;"
        },
        {
            "idx": 2,
            "question": "대리점 정보에서 등록 일자를 내림차순으로 정렬하여 상위 5개 대리점만 가져와줄래요?",
            "query": "SELECT * FROM Agency ORDER BY registration_date DESC LIMIT 5;",
            "query_temp": "SELECT * FROM table_name1 ORDER BY column_name1 DESC LIMIT value1;"
        },
        {
            "idx": 3,
            "question": "대리점 등록 일자가 제일 최신인 순서대로 5개만 정렬해서 보여줄래요?",
            "query": "SELECT * FROM Agency ORDER BY registration_date DESC LIMIT 5;",
            "query_temp": "SELECT * FROM table_name1 ORDER BY column_name1 DESC LIMIT value1;"
        },
        {
            "idx": 4,
            "question": "상품서비스 전체 정보와 해당 상품에 해당하는 대리점 명을 보여주세요.",
            "query": "SELECT PS.*, A.agency_name FROM Product_Service PS LEFT JOIN Agency A ON PS.agency_id = A.agency_id;",
            "query_temp": "SELECT PS.*, A.column_name1 FROM table_name1 alias_name1 LEFT JOIN table_name2 alias_name2 ON alias_name1.column_name2 = alias_name2.column_name2;"
        },
        {
            "idx": 5,
            "question": "대리점에서 가지고 있는 전체 상품 정보와 대리점 명을 보여줄래요?",
            "query": "SELECT PS.*, A.agency_name FROM Product_Service PS LEFT JOIN Agency A ON PS.agency_id = A.agency_id;",
            "query_temp": "SELECT PS.*, A.column_name1 FROM table_name1 alias_name1 LEFT JOIN table_name2 alias_name2 ON alias_name1.column_name2 = alias_name2.column_name2;"
        },
        {
            "idx": 6,
            "question": "대리점 정보에서 연결 전화번호가 등록되어있는 정보를 모두 출력해주세요.",
            "query": "SELECT * FROM Agency WHERE contact_number IS NOT NULL;",
            "query_temp": "SELECT * FROM table_name1 WHERE column_name1 IS NOT NULL;"
        },
        {
            "idx": 7,
            "question": "상품서비스 정보에서 \"설명\" 컬럼이 비어있지 않은 레코드를 선택합니다.",
            "query": "SELECT * FROM Product_Service WHERE description IS NOT NULL AND description != '';",
            "query_temp": "SELECT * FROM table_name1 WHERE column_name1 IS NOT NULL AND column_name1 != '';"
        },
        {
            "idx": 8,
            "question": "대리점 정보에서 대리점 이름에 '대리점'이 포함된 대리점 주소를 보여주세요.",
            "query": "SELECT agency_address FROM Agency WHERE agency_name LIKE '%대리점%';",
            "query_temp": "SELECT column_name1 FROM table_name1 WHERE column_name2 LIKE '%value1%';"
        },
        {
            "idx": 9,
            "question": "상품 서비스 기준으로 대리점 명과 상품명을 보여줘야하고, 상품 가격이 4만원 이상인 서비스를 조회해주세요.",
            "query": "SELECT A.agency_name, P.product_service_name FROM Product_Service P INNER JOIN Agency A ON P.agency_id = A.agency_id WHERE P.price >= 40000;",
            "query_temp": "SELECT alias_name2.column_name1, alias_name1.column_name2 FROM table_name1 alias_name1 INNER JOIN Agency alias_name2 ON alias_name1.column_name3 = alias_name2.column_name3 WHERE alias_name1.column_name4 >= value1;"
        },
        {
            "idx": 10,
            "question": "상품 가격이 4만원 이상인 대리점 서비스 명과 대리점명을 알려줄래요?",
            "query": "SELECT A.agency_name, P.product_service_name FROM Product_Service P INNER JOIN Agency A ON P.agency_id = A.agency_id WHERE P.price >= 40000;",
            "query_temp": "SELECT alias_name2.column_name1, alias_name1.column_name2 FROM table_name1 alias_name1 INNER JOIN Agency alias_name2 ON alias_name1.column_name3 = alias_name2.column_name3 WHERE alias_name1.column_name4 >= value1;"
        },
        {
            "idx": 11,
            "question": "대리점에서 가지고있는 상품 서비스 정보들을 모두 출력해주세요.",
            "query": "SELECT A.*, PS.product_service_name FROM Agency A LEFT JOIN Product_Service PS ON A.agency_id = PS.agency_id;",
            "query_temp": "SELECT alias_name1.*, alias_name2.column_name1 FROM table_name1 alias_name1 LEFT JOIN table_name2 alias_name2 ON alias_name1.column_name2 = alias_name2.column_name2;"
        },
        {
            "idx": 12,
            "question": "대리점 정보와 상품 서비스 정보를 확인하여 대리점 별로 가지고 있는 상품명들을 조회해주세요.",
            "query": "SELECT A.*, PS.product_service_name FROM Agency A LEFT JOIN Product_Service PS ON A.agency_id = PS.agency_id;",
            "query_temp": "SELECT alias_name1.*, alias_name2.column_name1 FROM table_name1 alias_name1 LEFT JOIN table_name2 alias_name2 ON alias_name1.column_name2 = alias_name2.column_name2;"
        },
        {
            "idx": 13,
            "question": "대리점 정보에서 대리점 유형이 '온라인'인 대리점명을 조회해주세요.",
            "query": "SELECT agency_name  FROM Agency WHERE agency_type = '온라인';",
            "query_temp": "SELECT column_name1  FROM table_name1 WHERE column_name2 = value1;"
        },
        {
            "idx": 14,
            "question": "상품 서비스 정보에서 서비스 유형이 '전화'이고 가격이 2만원 이하인 상품 정보를 모두 조회해주세요.",
            "query": "SELECT * FROM Product_Service WHERE product_service_type = '전화' AND price <= 20;",
            "query_temp": "SELECT * FROM table_name1 WHERE column_name1 = value1 AND column_name2 <= value2;"
        },
        {
            "idx": 15,
            "question": "상품 서비스 유형이 '전화'이고 가격이 2만원 이하인 상품 서비스 정보를 모두 조회해주세요.",
            "query": "SELECT * FROM Product_Service WHERE product_service_type = '전화' AND price <= 20;",
            "query_temp": "SELECT * FROM table_name1 WHERE column_name1 = value1 AND column_name2 <= value2;"
        },
        {
            "idx": 16,
            "question": "대리점 정보에서 등록일이 2023년 9월 7일 이전인 모든 정보를 등록일자 기준으로 내림차순해서 조회해주세요.",
            "query": "SELECT * FROM Agency WHERE registration_date < '2023-09-07' ORDER BY registration_date DESC ;",
            "query_temp": "SELECT * FROM table_name1 WHERE column_name1 < value1 ORDER BY column_name1 DESC ;"
        },
        {
            "idx": 17,
            "question": "대리점 정보에서 등록 일자가 2023년 9월 7일 이전인 모든 정보를 등록일자 기준으로 내림차순해서 보여줄래요?",
            "query": "SELECT * FROM Agency WHERE registration_date < '2023-09-07' ORDER BY registration_date DESC ;",
            "query_temp": "SELECT * FROM table_name1 WHERE column_name1 < value1 ORDER BY column_name1 DESC ;"
        },
        {
            "idx": 18,
            "question": "대리점 명이 'Agency 1'인 대리점이 가지고 있는 상품 서비스 명을 보여주세요.",
            "query": "SELECT ps.product_service_name FROM agency a, product_service ps WHERE a.agency_id = ps.agency_id AND a.agency_name = 'Agency 1';",
            "query_temp": "SELECT alias_name2.column_name1 FROM table_name1 alias_name1, table_name2 alias_name2 WHERE alias_name1.column_name2 = alias_name2.column_name2 AND alias_name1.column_name3 = value1;"
        },
        {
            "idx": 19,
            "question": "대리점 명이 'Agency 1'인 대리점이 지원하고 있는 상품 서비스 명들이 필요해요.",
            "query": "SELECT ps.product_service_name FROM agency a, product_service ps WHERE a.agency_id = ps.agency_id AND a.agency_name = 'Agency 1';",
            "query_temp": "SELECT alias_name2.column_name1 FROM table_name1 alias_name1, table_name2 alias_name2 WHERE alias_name1.column_name2 = alias_name2.column_name2 AND alias_name1.column_name3 = value1;"
        },
        {
            "idx": 20,
            "question": "대리점에서 제공하는 상품서비스의 가격을 제일 비싼순으로 전체 정보를 조회해주세요.",
            "query": "SELECT ps.product_service_name, ps.price FROM agency a, product_service ps WHERE a.agency_id = ps.agency_id ORDER BY ps.price DESC",
            "query_temp": "SELECT alias_name2.column_name1, alias_name2.column_name2 FROM table_name1 alias_name1, table_name2 alias_name2 WHERE alias_name1.column_name3 = alias_name2.column_name3 ORDER BY alias_name2.column_name2 DESC"
        },
        {
            "idx": 21,
            "question": "대리점에서 제공하는 상품서비스의 가격을 기준으로 내림차순으로 상품 명과 가격을 보여줄래요?",
            "query": "SELECT ps.product_service_name, ps.price FROM agency a, product_service ps WHERE a.agency_id = ps.agency_id ORDER BY ps.price DESC",
            "query_temp": "SELECT alias_name2.column_name1, alias_name2.column_name2 FROM table_name1 alias_name1, table_name2 alias_name2 WHERE alias_name1.column_name3 = alias_name2.column_name3 ORDER BY alias_name2.column_name2 DESC"
        },
        {
            "idx": 22,
            "question": "대리점 정보에서 대리점 유형별 갯수를 파악해줄래요?.",
            "query": "SELECT agency_type, COUNT(*) AS count FROM Agency GROUP BY agency_type;",
            "query_temp": "SELECT column_name1, COUNT(*) AS alias_name1 FROM table_name1 GROUP BY column_name1;"
        },
        {
            "idx": 23,
            "question": "대리점 유형별 갯수를 파악하여 대리점 유형과 갯수를 출력해주세요.",
            "query": "SELECT agency_type, COUNT(*) AS count FROM Agency GROUP BY agency_type;",
            "query_temp": "SELECT column_name1, COUNT(*) AS alias_name1 FROM table_name1 GROUP BY column_name1;"
        },
        {
            "idx": 24,
            "question": "대리점 유형별 갯수가 3개 이상인 경우를 보여줄래요?",
            "query": "SELECT agency_type, COUNT(*) AS count FROM Agency GROUP BY agency_type HAVING count >= 3;",
            "query_temp": "SELECT column_name1, COUNT(*) AS alias_name1 FROM table_name1 GROUP BY column_name1 HAVING alias_name1 >= value1;"
        },
        {
            "idx": 25,
            "question": "대리점 유형을 그룹지어서 유형별 개수가 3개 이상인 유형을 보여주세요.",
            "query": "SELECT agency_type, COUNT(*) AS count FROM Agency GROUP BY agency_type HAVING count >= 3;",
            "query_temp": "SELECT column_name1, COUNT(*) AS alias_name1 FROM table_name1 GROUP BY column_name1 HAVING alias_name1 >= value1;"
        },
        {
            "idx": 26,
            "question": "대리점 정보의 상품 서비스명과 대리점 명들을 알려줄래요?",
            "query": "SELECT A.agency_name, P.product_service_name FROM Product_Service P INNER JOIN Agency A ON P.agency_id = A.agency_id;",
            "query_temp": "SELECT alias_name1.column_name1, alias_name2.column_name2 FROM table_name1 alias_name1 INNER JOIN Agency A ON alias_name2.column_name3 = A.column_name3;"
        },
        {
            "idx": 27,
            "question": "대리점을 기준으로 해당 대리점의 상품 서비스명과 대리점명을 보여줄래요?",
            "query": "SELECT A.agency_name, P.product_service_name FROM Product_Service P INNER JOIN Agency A ON P.agency_id = A.agency_id;",
            "query_temp": "SELECT alias_name1.column_name1, alias_name2.column_name2 FROM table_name1 alias_name1 INNER JOIN Agency A ON alias_name2.column_name3 = A.column_name3;"
        },
        {
            "idx": 28,
            "question": "상품 서비스의 상품명, 설명, 가격을 보여주세요.",
            "query": "SELECT product_service_name, description , price FROM Product_Service;",
            "query_temp": "column_name1, column_name2, column_name3, column_name4 FROM table_name1;"
        },
        {
            "idx": 29,
            "question": "상품 서비스 상품명, 설명, 가격을 조회해주실래요?",
            "query": "SELECT product_service_name, description , price FROM Product_Service;",
            "query_temp": "column_name1, column_name2, column_name3, column_name4 FROM table_name1;"
        },
        {
            "idx": 30,
            "question": "가격이 2만원이 초과되거나 3만원이 초과되는 상품 서비스의 이름과 설명 가격을 조회할래요.",
            "query": "SELECT product_service_name, description , price FROM Product_Service WHERE price < 30000 OR price > 20000;",
            "query_temp": "SELECT column_name1, column_name2 , column_name3 FROM table_name1 WHERE column_name3 < value1 OR column_name3 > value2;"
        },
        {
            "idx": 31,
            "question": "상품 서비스중에서 가격이 2만원이 넘거나 3만원이 초과되는 상품 서비스의 이름, 설명, 가격을 보여주세요.",
            "query": "SELECT product_service_name, description , price FROM Product_Service WHERE price < 30000 OR price > 20000;",
            "query_temp": "SELECT column_name1, column_name2 , column_name3 FROM table_name1 WHERE column_name3 < value1 OR column_name3 > value2;"
        },
        {
            "idx": 32,
            "question": "상품 서비스 정보에서 \"인터넷\" 서비스 유형의 정보를 보여줄래요?",
            "query": "SELECT * FROM Product_Service WHERE product_service_type = '인터넷';",
            "query_temp": "SELECT * FROM table_name1 WHERE column_name1 = value1;"
        },
        {
            "idx": 33,
            "question": "서비스 유형이 '인터넷'인 상품 서비스 정보를 모두 조회해주세요.",
            "query": "SELECT * FROM Product_Service WHERE product_service_type = '인터넷';",
            "query_temp": "SELECT * FROM table_name1 WHERE column_name1 = value1;"
        },
        {
            "idx": 34,
            "question": "상품명별로 평균 가격을 보고 싶습니다.",
            "query": "SELECT AVG(price), product_service_name FROM Product_Service GROUP BY product_service_name;",
            "query_temp": "SELECT AVG(column_name1), column_name2 FROM table_name1 GROUP BY column_name2;"
        },
        {
            "idx": 35,
            "question": "상품 서비스 의 상품명을 그룹지어 평균 가격을 확인하고 싶습니다.",
            "query": "SELECT AVG(price), product_service_name FROM Product_Service GROUP BY product_service_name;",
            "query_temp": "SELECT AVG(column_name1), column_name2 FROM table_name1 GROUP BY column_name2;"
        },
        {
            "idx": 36,
            "question": "대리점의 유형중에서 스마트 홈인 대리점 전체 정보가 필요합니다.",
            "query": "SELECT * FROM Agency WHERE agency_type = '스마트 홈';",
            "query_temp": "SELECT * FROM table_name1 WHERE column_name1 = value1;"
        },
        {
            "idx": 37,
            "question": "대리점 정보에서 유형이 스마트 홈인 대리점 전체 정보를 조회해주세요.",
            "query": "SELECT * FROM Agency WHERE agency_type = '스마트 홈';",
            "query_temp": "SELECT * FROM table_name1 WHERE column_name1 = value1;"
        },
        {
            "idx": 38,
            "question": "상품 서비스 정보와 대리점 정보를 확인해서 가격이 4만원 이상인 서비스 전체 정보와 대리점명을 알려주세요.",
            "query": "SELECT ps.*, a.agency_name FROM Product_Service ps JOIN Agency a ON ps.agency_id = a.agency_id WHERE ps.price >= 40000;",
            "query_temp": "SELECT alias_name1.*, alias_name2.column_name1 FROM table_name1 alias_name1 JOIN table_name2 alias_name2 ON alias_name1.column_name2 = alias_name2.column_name2 WHERE alias_name1.column_name3 >= value1;"
        },
        {
            "idx": 39,
            "question": "상품 서비스 정보와 대리점 정보를 확인하여 가격이 4만원 이상인 서비스 전체 정보와 대리점명이 필요해요.",
            "query": "SELECT ps.*, a.agency_name FROM Product_Service ps JOIN Agency a ON ps.agency_id = a.agency_id WHERE ps.price >= 40000;",
            "query_temp": "SELECT alias_name1.*, alias_name2.column_name1 FROM table_name1 alias_name1 JOIN table_name2 alias_name2 ON alias_name1.column_name2 = alias_name2.column_name2 WHERE alias_name1.column_name3 >= value1;"
        },
        {
            "idx": 40,
            "question": "상품 서비스 등록일이 2023년 9월 10일인 상품 서비스 개수를 보여주세요.",
            "query": "SELECT count(*) FROM Product_Service WHERE registration_date = '2023-09-10';",
            "query_temp": "SELECT count(*) FROM table_name1 WHERE column_name1 = value1;"
        },
        {
            "idx": 41,
            "question": "상품 서비스 등록일이 '2023-09-10'인 상품 서비스 개수를 출력해주세요.",
            "query": "SELECT count(*) FROM Product_Service WHERE registration_date = '2023-09-10';",
            "query_temp": "SELECT count(*) FROM table_name1 WHERE column_name1 = value1;"
        },
        {
            "idx": 42,
            "question": "대리점 정보에서 연락처 번호가 '010-1234-5678'인 대리점 명, 대리점 주소, 대리점 연결 번호를 조회해줄래요?",
            "query": "SELECT agency_name , agency_address , contact_number FROM Agency WHERE contact_number = '010-1234-5678';",
            "query_temp": "SELECT column_name2, column_name3, column_name4 FROM table_name1 WHERE column_name1 = value1;"
        },
        {
            "idx": 43,
            "question": "대리점 연락처 번호가 '010-1234-5678'인 대리점 명, 대리점 주소, 대리점 연결 번호를 조회해줄래요?",
            "query": "SELECT agency_name , agency_address , contact_number FROM Agency WHERE contact_number = '010-1234-5678';",
            "query_temp": "SELECT column_name2, column_name3, column_name4 FROM table_name1 WHERE column_name1 = value1;"
        },
        {
            "idx": 44,
            "question": "상품 서비스 정보에서 상품/서비스 이름이 '기본 케이블 TV'인 상품서비스 명과 설명, 가격을 보여줄래요?",
            "query": "SELECT product_service_name, description , price FROM Product_Service WHERE product_service_name = '기본 케이블 TV';",
            "query_temp": "SELECT column_name1, column_name2 , column_name3 FROM table_name1 WHERE column_name1 = value1;"
        },
        {
            "idx": 45,
            "question": "상품 서비스 이름이 '기본 케이블 TV'인 상품 서비스 명과 설명, 가격을 보여줄래요?",
            "query": "SELECT product_service_name, description , price FROM Product_Service WHERE product_service_name = '기본 케이블 TV';",
            "query_temp": "SELECT column_name1, column_name2 , column_name3 FROM table_name1 WHERE column_name1 = value1;"
        },
        {
            "idx": 46,
            "question": "대리점이 가지고 있는 상품 서비스 유형을 보여주세요.",
            "query": "SELECT a.agency_name, ps.product_service_type FROM Agency a JOIN Product_Service ps ON a.agency_id = ps.agency_id;",
            "query_temp": "SELECT alias_name1.column_name1, alias_name2.column_name2 FROM table_name1 alias_name1 JOIN table_name2 alias_name2 ON alias_name1.column_name3 = alias_name2.column_name3;"
        },
        {
            "idx": 47,
            "question": "대리점을 기준으로 대리점이 소유하고 있는 상품 서비스 유형을 보여줄래요?",
            "query": "SELECT a.agency_name, ps.product_service_type FROM Agency a JOIN Product_Service ps ON a.agency_id = ps.agency_id;",
            "query_temp": "SELECT alias_name1.column_name1, alias_name2.column_name2 FROM table_name1 alias_name1 JOIN table_name2 alias_name2 ON alias_name1.column_name3 = alias_name2.column_name3;"
        },
        {
            "idx": 48,
            "question": "상품 서비스 정보에서 가격이 5만원 이하이고 서비스 유형이 '케이블 TV'인 데이터 전체 정보를 보여줄래요?",
            "query": "SELECT * FROM Product_Service WHERE price <= 50000 AND product_service_type = '케이블 TV';",
            "query_temp": "SELECT * FROM table_name1 WHERE column_name1 <= value1 AND column_name2 = value2;"
        },
        {
            "idx": 49,
            "question": "상품 서비스 정보에서 서비스 유형이 '케이블 TV'이고 가격이 5만원 이하인 상품 전체 정보를 조회해주세요.",
            "query": "SELECT * FROM Product_Service WHERE price <= 50000 AND product_service_type = '케이블 TV';",
            "query_temp": "SELECT * FROM table_name1 WHERE column_name1 <= value1 AND column_name2 = value2;"
        },
        {
            "idx": 50,
            "question": "대리점 정보에서 이메일 주소가 'example@email.com'인 대리점의 이름을 보여줄래요?",
            "query": "SELECT agency_name FROM Agency WHERE email = 'example@email.com';",
            "query_temp": "SELECT column_name1 FROM table_name1 WHERE column_name2 = value1;"
        },
        {
            "idx": 51,
            "question": "대리점 이메일 주소가 'example@email.com'인 대리점의 이름을 보여줄래요?",
            "query": "SELECT agency_name FROM Agency WHERE email = 'example@email.com';",
            "query_temp": "SELECT column_name1 FROM table_name1 WHERE column_name2 = value1;"
        },
        {
            "idx": 52,
            "question": "상품 서비스 정보에서 등록일이 2023년 9월 5일 이후인 상품 서비스 정보를 모두 출력해주세요.",
            "query": "SELECT * FROM Product_Service WHERE registration_date >= '2023-09-05';",
            "query_temp": "SELECT * FROM table_name1 WHERE column_name1 >= value1;"
        },
        {
            "idx": 53,
            "question": "상품 서비스 등록일이 2023년 9월 5일 이후인 상품 서비스 정보를 모두 보여줄래요?",
            "query": "SELECT * FROM Product_Service WHERE registration_date >= '2023-09-05';",
            "query_temp": "SELECT * FROM table_name1 WHERE column_name1 >= value1;"
        },
        {
            "idx": 54,
            "question": "대리점 정보에서 대리점 주소가 '서울'인 데이터를 조회해주세요.",
            "query": "SELECT * FROM Agency WHERE agency_address LIKE '%서울%';",
            "query_temp": "SELECT * FROM table_name1 WHERE column_name1 LIKE '%value1%';"
        },
        {
            "idx": 55,
            "question": "대리점 주소가 '서울'인 대리점 전체 정보를 보여줄래요?",
            "query": "SELECT * FROM Agency WHERE agency_address LIKE '%서울%';",
            "query_temp": "SELECT * FROM table_name1 WHERE column_name1 LIKE '%value1%';"
        },
        {
            "idx": 56,
            "question": "상품 서비스 정보에서 가격이 3만원 이상 4만원 미만인 상품 서비스 정보를 보여주세요.",
            "query": "SELECT * FROM Product_Service WHERE price >= 30000 AND price < 40000;",
            "query_temp": "SELECT * FROM table_name1 WHERE column_name1 >= value1 AND column_name1 < value2;"
        },
        {
            "idx": 57,
            "question": "상품 서비스 가격이 3만원 이상 4만원 미만인 상품 서비스의 모든 정보를 보여주세요.",
            "query": "SELECT * FROM Product_Service WHERE price >= 30000 AND price < 40000;",
            "query_temp": "SELECT * FROM table_name1 WHERE column_name1 >= value1 AND column_name1 < value2;"
        },
        {
            "idx": 58,
            "question": "대리점 이름별로 서비스 유형의 개수를 파악해줄래요?",
            "query": "SELECT a.agency_name, COUNT(ps.product_service_type) AS service_type_count FROM Agency a JOIN Product_Service ps ON a.agency_id = ps.agency_id GROUP BY a.agency_name;",
            "query_temp": "SELECT alias_name1.column_name1, COUNT(alias_name2.column_name2) AS alias_name3 FROM table_name1 alias_name1 JOIN table_name2 alias_name2 ON alias_name1.column_name3 = alias_name2.column_name3 GROUP BY alias_name1.column_name1;"
        },
        {
            "idx": 59,
            "question": "대리점별로 서비스 유형의 개수를 파악해줄래요?",
            "query": "SELECT a.agency_name, COUNT(ps.product_service_type) AS service_type_count FROM Agency a JOIN Product_Service ps ON a.agency_id = ps.agency_id GROUP BY a.agency_name;",
            "query_temp": "SELECT alias_name1.column_name1, COUNT(alias_name2.column_name2) AS alias_name3 FROM table_name1 alias_name1 JOIN table_name2 alias_name2 ON alias_name1.column_name3 = alias_name2.column_name3 GROUP BY alias_name1.column_name1;"
        },
        {
            "idx": 60,
            "question": "상품 서비스 정보에서 상품/서비스 설명에 '무제한'이 포함된 상품 명을 알려줄래요?",
            "query": "SELECT product_service_name  FROM Product_Service WHERE description LIKE '%무제한%';",
            "query_temp": "SELECT column_name1  FROM table_name1 WHERE column_name2 LIKE '%value1%';"
        },
        {
            "idx": 61,
            "question": "상품 서비스 설명에 '무제한'이 포함된 상품 명을 알려줄래요?",
            "query": "SELECT product_service_name  FROM Product_Service WHERE description LIKE '%무제한%';",
            "query_temp": "SELECT column_name1  FROM table_name1 WHERE column_name2 LIKE '%value1%';"
        },
        {
            "idx": 62,
            "question": "대리점 정보에서 대리점 유형이 '온라인'인 대리점명을 말해줄래요?",
            "query": "SELECT agency_name  FROM Agency WHERE agency_type = '온라인';",
            "query_temp": "SELECT column_name1  FROM table_name1 WHERE column_name2 = value1;"
        },
        {
            "idx": 63,
            "question": "대리점 정보에서 대리점 유형이 '온라인'인 대리점명을 조회해주세요.",
            "query": "SELECT agency_name  FROM Agency WHERE agency_type = '온라인';",
            "query_temp": "SELECT column_name1  FROM table_name1 WHERE column_name2 = value1;"
        },
        {
            "idx": 64,
            "question": "상품 서비스 정보에서 서비스 유형이 '전화'이고 가격이 2만원 이하인 상품 정보를 모두 조회해주세요.",
            "query": "SELECT * FROM Product_Service WHERE product_service_type = '전화' AND price <= 20;",
            "query_temp": "SELECT * FROM table_name1 WHERE column_name1 = value1 AND column_name2 <= value2;"
        },
        {
            "idx": 65,
            "question": "상품 서비스 유형이 '전화'이고 가격이 2만원 이하인 상품 서비스 정보를 모두 조회해주세요.",
            "query": "SELECT * FROM Product_Service WHERE product_service_type = '전화' AND price <= 20;",
            "query_temp": "SELECT * FROM table_name1 WHERE column_name1 = value1 AND column_name2 <= value2;"
        },
        {
            "idx": 66,
            "question": "대리점 정보에서 등록일이 2023년 9월 7일 이전인 모든 정보를 등록일자 기준으로 내림차순해서 조회해주세요.",
            "query": "SELECT * FROM Agency WHERE registration_date < '2023-09-07' ORDER BY registration_date DESC ;",
            "query_temp": "SELECT * FROM table_name1 WHERE column_name1 < value1 ORDER BY column_name1 DESC ;"
        },
        {
            "idx": 67,
            "question": "대리점 정보에서 등록 일자가 2023년 9월 7일 이전인 모든 정보를 등록일자 기준으로 내림차순해서 보여줄래요?",
            "query": "SELECT * FROM Agency WHERE registration_date < '2023-09-07' ORDER BY registration_date DESC ;",
            "query_temp": "SELECT * FROM table_name1 WHERE column_name1 < value1 ORDER BY column_name1 DESC ;"
        },
        {
            "idx": 68,
            "question": "대리점 명이 'Agency 1'인 대리점이 가지고 있는 상품 서비스 명을 보여주세요.",
            "query": "SELECT ps.product_service_name FROM agency a, product_service ps WHERE a.agency_id = ps.agency_id AND a.agency_name = 'Agency 1';",
            "query_temp": "SELECT alias_name2.column_name1 FROM table_name1 alias_name1, table_name2 alias_name2 WHERE alias_name1.column_name2 = alias_name2.column_name2 AND alias_name1.column_name3 = value1;"
        },
        {
            "idx": 69,
            "question": "대리점 명이 'Agency 1'인 대리점이 지원하고 있는 상품 서비스 명들이 필요해요.",
            "query": "SELECT ps.product_service_name FROM agency a, product_service ps WHERE a.agency_id = ps.agency_id AND a.agency_name = 'Agency 1';",
            "query_temp": "SELECT alias_name2.column_name1 FROM table_name1 alias_name1, table_name2 alias_name2 WHERE alias_name1.column_name2 = alias_name2.column_name2 AND alias_name1.column_name3 = value1;"
        },
        {
            "idx": 70,
            "question": "대리점에서 제공하는 상품서비스의 가격을 제일 비싼순으로 전체 정보를 조회해주세요.",
            "query": "SELECT ps.product_service_name, ps.price FROM agency a, product_service ps WHERE a.agency_id = ps.agency_id ORDER BY ps.price DESC",
            "query_temp": "SELECT alias_name2.column_name1, alias_name2.column_name2 FROM table_name1 alias_name1, table_name2 alias_name2 WHERE alias_name1.column_name3 = alias_name2.column_name3 ORDER BY alias_name2.column_name2 DESC"
        },
        {
            "idx": 71,
            "question": "대리점에서 제공하는 상품서비스의 가격을 기준으로 내림차순으로 상품 명과 가격을 보여줄래요?",
            "query": "SELECT ps.product_service_name, ps.price FROM agency a, product_service ps WHERE a.agency_id = ps.agency_id ORDER BY ps.price DESC",
            "query_temp": "SELECT alias_name2.column_name1, alias_name2.column_name2 FROM table_name1 alias_name1, table_name2 alias_name2 WHERE alias_name1.column_name3 = alias_name2.column_name3 ORDER BY alias_name2.column_name2 DESC"
        },
        {
            "idx": 72,
            "question": "대리점 정보에서 대리점 유형별 갯수를 파악해줄래요?.",
            "query": "SELECT agency_type, COUNT(*) AS count FROM Agency GROUP BY agency_type;",
            "query_temp": "SELECT column_name1, COUNT(*) AS alias_name1 FROM table_name1 GROUP BY column_name1;"
        },
        {
            "idx": 73,
            "question": "대리점 유형별 갯수를 파악하여 대리점 유형과 갯수를 출력해주세요.",
            "query": "SELECT agency_type, COUNT(*) AS count FROM Agency GROUP BY agency_type;",
            "query_temp": "SELECT column_name1, COUNT(*) AS alias_name1 FROM table_name1 GROUP BY column_name1;"
        },
        {
            "idx": 74,
            "question": "대리점 유형별 갯수가 3개 이상인 경우를 보여줄래요?",
            "query": "SELECT agency_type, COUNT(*) AS count FROM Agency GROUP BY agency_type HAVING count >= 3;",
            "query_temp": "SELECT column_name1, COUNT(*) AS alias_name1 FROM table_name1 GROUP BY column_name1 HAVING alias_name1 >= value1;"
        },
        {
            "idx": 75,
            "question": "대리점 유형을 그룹지어서 유형별 개수가 3개 이상인 유형을 보여주세요.",
            "query": "SELECT agency_type, COUNT(*) AS count FROM Agency GROUP BY agency_type HAVING count >= 3;",
            "query_temp": "SELECT column_name1, COUNT(*) AS alias_name1 FROM table_name1 GROUP BY column_name1 HAVING alias_name1 >= value1;"
        },
        {
            "idx": 76,
            "question": "대리점 정보의 상품 서비스명과 대리점 명들을 알려줄래요?",
            "query": "SELECT A.agency_name, P.product_service_name FROM Product_Service P INNER JOIN Agency A ON P.agency_id = A.agency_id;",
            "query_temp": "SELECT alias_name1.column_name1, alias_name2.column_name2 FROM table_name1 alias_name1 INNER JOIN Agency A ON alias_name2.column_name3 = A.column_name3;"
        },
        {
            "idx": 77,
            "question": "대리점을 기준으로 해당 대리점의 상품 서비스명과 대리점명을 보여줄래요?",
            "query": "SELECT A.agency_name, P.product_service_name FROM Product_Service P INNER JOIN Agency A ON P.agency_id = A.agency_id;",
            "query_temp": "SELECT alias_name1.column_name1, alias_name2.column_name2 FROM table_name1 alias_name1 INNER JOIN Agency A ON alias_name2.column_name3 = A.column_name3;"
        }
    ]
}